<?xml version="1.0" encoding="UTF-8"?><project-private xmlns="http://www.netbeans.org/ns/project-private/1">
    <editor-bookmarks xmlns="http://www.netbeans.org/ns/editor-bookmarks/1"/>
    <open-files xmlns="http://www.netbeans.org/ns/projectui-open-files/1">
        <file>file:/C:/Users/MSI/Documents/GitHub/gibbot/Code/PIC_Projects/dsPIC/PrimaryV5.X/UART.c</file>
        <file>file:/C:/Users/MSI/Documents/GitHub/gibbot/Code/PIC_Projects/dsPIC/PrimaryV5.X/test.c</file>
        <file>file:/C:/Users/MSI/Documents/GitHub/gibbot/Code/PIC_Projects/dsPIC/PrimaryV5.X/UART.h</file>
        <file>file:/C:/Users/MSI/Documents/GitHub/gibbot/Code/PIC_Projects/dsPIC/PrimaryV5.X/linkedlist.h</file>
        <file>file:/C:/Users/MSI/Documents/GitHub/gibbot/Code/PIC_Projects/dsPIC/PrimaryV5.X/encoder.c</file>
        <file>file:/C:/Users/MSI/Documents/GitHub/gibbot/Code/PIC_Projects/dsPIC/PrimaryV5.X/test.h</file>
        <file>file:/C:/Users/MSI/Documents/GitHub/gibbot/Code/PIC_Projects/dsPIC/PrimaryV5.X/debug.c</file>
        <file>file:/C:/Users/MSI/Documents/GitHub/gibbot/Code/PIC_Projects/dsPIC/PrimaryV5.X/motor.c</file>
        <file>file:/C:/Users/MSI/Documents/GitHub/gibbot/Code/PIC_Projects/dsPIC/PrimaryV5.X/I2CMaster.c</file>
        <file>file:/C:/Users/MSI/Documents/GitHub/gibbot/Code/PIC_Projects/dsPIC/PrimaryV5.X/mainV5.c</file>
        <file>file:/C:/Users/MSI/Documents/GitHub/gibbot/Code/PIC_Projects/dsPIC/PrimaryV5.X/initializeV5.c</file>
        <file>file:/C:/Users/MSI/Documents/GitHub/gibbot/Code/PIC_Projects/dsPIC/PrimaryV5.X/ADC.c</file>
        <file>file:/C:/Users/MSI/Documents/GitHub/gibbot/Code/PIC_Projects/dsPIC/PrimaryV5.X/ADC.h</file>
        <file>file:/C:/Users/MSI/Documents/GitHub/gibbot/Code/PIC_Projects/dsPIC/PrimaryV5.X/debug.h</file>
        <file>file:/C:/Users/MSI/Documents/GitHub/gibbot/Code/PIC_Projects/dsPIC/PrimaryV5.X/encoder.h</file>
        <file>file:/C:/Users/MSI/Documents/GitHub/gibbot/Code/PIC_Projects/dsPIC/PrimaryV5.X/I2CMaster.h</file>
        <file>file:/C:/Users/MSI/Documents/GitHub/gibbot/Code/PIC_Projects/dsPIC/PrimaryV5.X/MPU.c</file>
        <file>file:/C:/Users/MSI/Documents/GitHub/gibbot/Code/PIC_Projects/dsPIC/PrimaryV5.X/MPU.h</file>
        <file>file:/C:/Users/MSI/Documents/GitHub/gibbot/Code/PIC_Projects/dsPIC/PrimaryV5.X/initializeV5.h</file>
    </open-files>
</project-private>
